VO 21534097,Camiones Volvo,Forro de frenos,,$140.59,,C:\Users\tpizarro\Documents\Drive\producto_1.jpg
VO 23690622,Camiones Volvo,Kit de Filtro Secador de Aire,,$264.65,,C:\Users\tpizarro\Documents\Drive\producto_2.jpg
VO 3095196,Camiones Volvo,Juego de zapata de freno,,$356.63,,C:\Users\tpizarro\Documents\Drive\producto_3.jpg
VO 21811707,Camiones Volvo,Válvula de protección de circuito,,$565.95,,C:\Users\tpizarro\Documents\Drive\producto_4.jpg
VO 23428377,Camiones Volvo,Líquido de freno,,$16.00,,C:\Users\tpizarro\Documents\Drive\producto_5.jpg
VO 21247147,Camiones Volvo,Sensor de velocidad de la rueda,,$175.42,,C:\Users\tpizarro\Documents\Drive\producto_6.jpg
VO 21247154,,Sensor de velocidad de la rueda,,$175.42,,C:\Users\tpizarro\Documents\Drive\producto_7.jpg
VO 8550978,"Buses Volvo, Camiones Volvo",Juego de reparación de frenos,,$437.86,,C:\Users\tpizarro\Documents\Drive\producto_8.jpg
VO 8550977,"Buses Volvo, Camiones Volvo",Piñón derecho,,$437.86,,C:\Users\tpizarro\Documents\Drive\producto_9.jpg
VO 20533195,Camiones Volvo,Cilindro de frenos,,"$1,019.13",,C:\Users\tpizarro\Documents\Drive\producto_10.jpg
VO 8127762,Camiones Volvo,Forro de freno posterior,,$395.11,,C:\Users\tpizarro\Documents\Drive\producto_11.jpg
VO 23149532,Camiones Volvo,Juego De Pastillas,,$348.28,,C:\Users\tpizarro\Documents\Drive\producto_12.jpg
VO 21352570,Camiones Volvo,Juego De Pastillas,,$355.69,,C:\Users\tpizarro\Documents\Drive\producto_13.jpg
